;MAE;RMSE;MAPE (%)
Prophet;0.5230764518238534;0.5902394343556975;0.09359034904710639
TF_Keras;13.778666666666657;17.179204094873928;2.3642640474654395
